Month,Product_ID,Budget_Revenue
2024-01-01,P001,12036069.61
2024-01-01,P002,13598726.07
2024-01-01,P003,5160832.64
2024-01-01,P004,3461103.23
2024-01-01,P005,9728972.13
2024-01-01,P006,3397218.61
2024-01-01,P007,1284234.05
2024-01-01,P008,553268.3
2024-01-01,P009,637136.62
2024-01-01,P010,740941.72
2024-01-01,P011,1390761.63
2024-01-01,P012,588808.29
2024-01-01,P013,7960692.1
2024-01-01,P014,2792760.63
2024-01-01,P015,5760531.84
2024-01-01,P016,7855900.78
2024-01-01,P017,1363516.11
2024-01-01,P018,13129986.98
2024-01-01,P019,4096288.13
2024-01-01,P020,6193235.25
2024-01-01,P021,1733835.54
2024-01-01,P022,1411795.75
2024-01-01,P023,3432618.61
2024-01-01,P024,3503873.43
2024-01-01,P025,10154972.88
2024-01-01,P026,18606574.16
2024-01-01,P027,17805957.54
2024-01-01,P028,10349059.16
2024-01-01,P029,3102403.29
2024-01-01,P030,2669635.87
2024-02-01,P001,6725800.75
2024-02-01,P002,11127385.98
2024-02-01,P003,5094080.27
2024-02-01,P004,3501540.81
2024-02-01,P005,11646068.07
2024-02-01,P006,2928162.05
2024-02-01,P007,1592774.95
2024-02-01,P008,374876.31
2024-02-01,P009,523623.67
2024-02-01,P010,634119.87
2024-02-01,P011,1090835.43
2024-02-01,P012,625385.43
2024-02-01,P013,5983759.87
2024-02-01,P014,2746744.81
2024-02-01,P015,7093118.49
2024-02-01,P016,5275179.13
2024-02-01,P017,1129239.81
2024-02-01,P018,10455179.38
2024-02-01,P019,3112487.18
2024-02-01,P020,6174435.08
2024-02-01,P021,1518003.65
2024-02-01,P022,1338181.53
2024-02-01,P023,3323306.4
2024-02-01,P024,2752165.39
2024-02-01,P025,7567819.31
2024-02-01,P026,13148445.86
2024-02-01,P027,14662685.6
2024-02-01,P028,10892917.13
2024-02-01,P029,2695207.07
2024-02-01,P030,2680982.36
2024-03-01,P001,6967908.35
2024-03-01,P002,11066872.1
2024-03-01,P003,5942173.22
2024-03-01,P004,4848522.83
2024-03-01,P005,14820621.02
2024-03-01,P006,2275684.09
2024-03-01,P007,1476311.61
2024-03-01,P008,460961.48
2024-03-01,P009,538841.26
2024-03-01,P010,511025.21
2024-03-01,P011,1063991.41
2024-03-01,P012,563091.14
2024-03-01,P013,5529092.53
2024-03-01,P014,3700074.46
2024-03-01,P015,6643279.59
2024-03-01,P016,7728779.53
2024-03-01,P017,1723020.06
2024-03-01,P018,12531100.74
2024-03-01,P019,3772597.47
2024-03-01,P020,5291392.87
2024-03-01,P021,2396820.99
2024-03-01,P022,1289863.78
2024-03-01,P023,3751880.02
2024-03-01,P024,3556027.77
2024-03-01,P025,9567548.6
2024-03-01,P026,18612970.56
2024-03-01,P027,15504498.83
2024-03-01,P028,10955866.26
2024-03-01,P029,3285512.64
2024-03-01,P030,2972317.36
2024-04-01,P001,8373039.59
2024-04-01,P002,14200595.08
2024-04-01,P003,5166189.45
2024-04-01,P004,3033408.58
2024-04-01,P005,14487752.61
2024-04-01,P006,3672119.83
2024-04-01,P007,1689289.96
2024-04-01,P008,495149.15
2024-04-01,P009,628031.8
2024-04-01,P010,777502.55
2024-04-01,P011,1095170.04
2024-04-01,P012,499266.72
2024-04-01,P013,4457983.36
2024-04-01,P014,2766696.95
2024-04-01,P015,7916521.53
2024-04-01,P016,6594611.44
2024-04-01,P017,1422755.21
2024-04-01,P018,15656260.68
2024-04-01,P019,3843306.62
2024-04-01,P020,6210640.89
2024-04-01,P021,1640655.19
2024-04-01,P022,1046016.42
2024-04-01,P023,3640781.99
2024-04-01,P024,3059534.98
2024-04-01,P025,10137586.31
2024-04-01,P026,18067398.86
2024-04-01,P027,20221766.99
2024-04-01,P028,9956869.8
2024-04-01,P029,3924827.8
2024-04-01,P030,2772531.28
2024-05-01,P001,7115537.69
2024-05-01,P002,15057494.92
2024-05-01,P003,6103076.36
2024-05-01,P004,3956960.32
2024-05-01,P005,10733907.56
2024-05-01,P006,2847413.45
2024-05-01,P007,1454775.48
2024-05-01,P008,400255.78
2024-05-01,P009,573338.61
2024-05-01,P010,766886.6
2024-05-01,P011,1446345.37
2024-05-01,P012,610782.16
2024-05-01,P013,5509878.58
2024-05-01,P014,3049989.73
2024-05-01,P015,5524193.49
2024-05-01,P016,4936239.64
2024-05-01,P017,1354722.44
2024-05-01,P018,9016527.93
2024-05-01,P019,2885346.94
2024-05-01,P020,6485995.3
2024-05-01,P021,2240592.82
2024-05-01,P022,1198669.4
2024-05-01,P023,2988224.39
2024-05-01,P024,3127849.92
2024-05-01,P025,9146527.18
2024-05-01,P026,15934329.32
2024-05-01,P027,17529320.93
2024-05-01,P028,6928066.76
2024-05-01,P029,3050801.72
2024-05-01,P030,2968509.04
2024-06-01,P001,7677798.69
2024-06-01,P002,15102299.02
2024-06-01,P003,4526822.35
2024-06-01,P004,3017611.0
2024-06-01,P005,10269159.68
2024-06-01,P006,3527972.02
2024-06-01,P007,1477750.98
2024-06-01,P008,436880.75
2024-06-01,P009,627318.84
2024-06-01,P010,945602.3
2024-06-01,P011,1387882.74
2024-06-01,P012,603973.84
2024-06-01,P013,5761821.62
2024-06-01,P014,3105571.75
2024-06-01,P015,7177550.04
2024-06-01,P016,6564554.38
2024-06-01,P017,1288586.12
2024-06-01,P018,10922381.09
2024-06-01,P019,3237994.29
2024-06-01,P020,6044042.46
2024-06-01,P021,2075850.29
2024-06-01,P022,1527135.7
2024-06-01,P023,2263702.83
2024-06-01,P024,2883567.07
2024-06-01,P025,10916085.12
2024-06-01,P026,18570820.36
2024-06-01,P027,15110575.49
2024-06-01,P028,10460805.33
2024-06-01,P029,3688783.82
2024-06-01,P030,2179709.0
2024-07-01,P001,7610937.85
2024-07-01,P002,13370243.66
2024-07-01,P003,5192907.18
2024-07-01,P004,2912733.01
2024-07-01,P005,7518373.29
2024-07-01,P006,3573014.51
2024-07-01,P007,1004919.61
2024-07-01,P008,523107.08
2024-07-01,P009,732182.95
2024-07-01,P010,867626.93
2024-07-01,P011,1279746.76
2024-07-01,P012,726839.99
2024-07-01,P013,5192821.61
2024-07-01,P014,2855355.21
2024-07-01,P015,6372841.31
2024-07-01,P016,6616073.84
2024-07-01,P017,1368034.21
2024-07-01,P018,11541178.66
2024-07-01,P019,3129176.96
2024-07-01,P020,9035680.95
2024-07-01,P021,1622681.27
2024-07-01,P022,1397659.96
2024-07-01,P023,3243404.9
2024-07-01,P024,3289759.9
2024-07-01,P025,9321275.52
2024-07-01,P026,18807728.76
2024-07-01,P027,19570527.18
2024-07-01,P028,13190890.7
2024-07-01,P029,3195495.41
2024-07-01,P030,2444787.88
2024-08-01,P001,9288361.22
2024-08-01,P002,9284695.5
2024-08-01,P003,5005631.53
2024-08-01,P004,3449394.05
2024-08-01,P005,11144892.57
2024-08-01,P006,2873374.86
2024-08-01,P007,1786989.3
2024-08-01,P008,390920.88
2024-08-01,P009,682525.42
2024-08-01,P010,738328.68
2024-08-01,P011,1368884.72
2024-08-01,P012,573759.58
2024-08-01,P013,5007117.02
2024-08-01,P014,2518382.84
2024-08-01,P015,8836896.71
2024-08-01,P016,6991032.33
2024-08-01,P017,1578951.81
2024-08-01,P018,6817974.69
2024-08-01,P019,3785777.65
2024-08-01,P020,6349144.65
2024-08-01,P021,2634738.1
2024-08-01,P022,1380869.24
2024-08-01,P023,3417438.28
2024-08-01,P024,4484235.17
2024-08-01,P025,10441326.6
2024-08-01,P026,20914496.21
2024-08-01,P027,17489460.22
2024-08-01,P028,10448020.94
2024-08-01,P029,3660677.98
2024-08-01,P030,3797183.98
2024-09-01,P001,7835665.7
2024-09-01,P002,9846624.1
2024-09-01,P003,4539099.72
2024-09-01,P004,3486787.57
2024-09-01,P005,10268931.7
2024-09-01,P006,3824972.28
2024-09-01,P007,1309655.2
2024-09-01,P008,397343.07
2024-09-01,P009,798051.44
2024-09-01,P010,865635.01
2024-09-01,P011,1081844.62
2024-09-01,P012,678215.13
2024-09-01,P013,5538065.5
2024-09-01,P014,3578220.21
2024-09-01,P015,4979369.09
2024-09-01,P016,8517102.62
2024-09-01,P017,1642392.28
2024-09-01,P018,9184715.2
2024-09-01,P019,4575581.72
2024-09-01,P020,6111396.04
2024-09-01,P021,1409221.26
2024-09-01,P022,1715347.91
2024-09-01,P023,3468541.76
2024-09-01,P024,3782646.46
2024-09-01,P025,9501343.85
2024-09-01,P026,19994252.25
2024-09-01,P027,15738782.61
2024-09-01,P028,11734954.7
2024-09-01,P029,3927346.13
2024-09-01,P030,2545781.35
2024-10-01,P001,6865776.18
2024-10-01,P002,13269258.12
2024-10-01,P003,5248658.01
2024-10-01,P004,3027876.21
2024-10-01,P005,10477527.2
2024-10-01,P006,3122536.02
2024-10-01,P007,1285213.29
2024-10-01,P008,439316.86
2024-10-01,P009,619536.69
2024-10-01,P010,752923.48
2024-10-01,P011,1320580.58
2024-10-01,P012,586361.78
2024-10-01,P013,6767202.17
2024-10-01,P014,2855316.53
2024-10-01,P015,6096816.98
2024-10-01,P016,7186661.49
2024-10-01,P017,1411266.07
2024-10-01,P018,10659261.39
2024-10-01,P019,2911284.95
2024-10-01,P020,7938926.52
2024-10-01,P021,1637991.98
2024-10-01,P022,1631888.55
2024-10-01,P023,3649412.92
2024-10-01,P024,4932461.15
2024-10-01,P025,9666762.19
2024-10-01,P026,16115454.01
2024-10-01,P027,13658154.58
2024-10-01,P028,14243956.53
2024-10-01,P029,3003505.47
2024-10-01,P030,1917048.64
2024-11-01,P001,7344798.35
2024-11-01,P002,12833617.43
2024-11-01,P003,3863152.8
2024-11-01,P004,3220088.28
2024-11-01,P005,11321295.1
2024-11-01,P006,3309185.98
2024-11-01,P007,1732220.05
2024-11-01,P008,416168.44
2024-11-01,P009,607441.89
2024-11-01,P010,731896.07
2024-11-01,P011,984070.91
2024-11-01,P012,528600.21
2024-11-01,P013,5156237.98
2024-11-01,P014,2977688.52
2024-11-01,P015,7550896.85
2024-11-01,P016,5453586.76
2024-11-01,P017,1393669.22
2024-11-01,P018,7887634.06
2024-11-01,P019,3722432.92
2024-11-01,P020,6656392.52
2024-11-01,P021,2584519.37
2024-11-01,P022,1212339.44
2024-11-01,P023,3451635.46
2024-11-01,P024,3766585.16
2024-11-01,P025,9327709.39
2024-11-01,P026,15681500.57
2024-11-01,P027,19824868.0
2024-11-01,P028,11006263.25
2024-11-01,P029,3403757.54
2024-11-01,P030,2345652.29
2024-12-01,P001,7658914.06
2024-12-01,P002,11411983.39
2024-12-01,P003,4895266.6
2024-12-01,P004,3250987.95
2024-12-01,P005,14598145.3
2024-12-01,P006,3801018.55
2024-12-01,P007,1411727.47
2024-12-01,P008,377656.47
2024-12-01,P009,776396.23
2024-12-01,P010,840481.85
2024-12-01,P011,982525.85
2024-12-01,P012,598412.66
2024-12-01,P013,5672837.72
2024-12-01,P014,2736831.34
2024-12-01,P015,6836857.32
2024-12-01,P016,6489498.26
2024-12-01,P017,1266622.92
2024-12-01,P018,10592112.21
2024-12-01,P019,2998919.6
2024-12-01,P020,6614980.85
2024-12-01,P021,2023657.59
2024-12-01,P022,1161609.46
2024-12-01,P023,2475241.03
2024-12-01,P024,3453070.17
2024-12-01,P025,9953303.02
2024-12-01,P026,16724570.8
2024-12-01,P027,15850441.02
2024-12-01,P028,11823853.46
2024-12-01,P029,4148841.49
2024-12-01,P030,2204118.93
2025-01-01,P001,8464222.26
2025-01-01,P002,15239593.36
2025-01-01,P003,5268676.27
2025-01-01,P004,4263706.41
2025-01-01,P005,12105658.71
2025-01-01,P006,2933186.45
2025-01-01,P007,1563376.48
2025-01-01,P008,507359.5
2025-01-01,P009,646565.46
2025-01-01,P010,765251.73
2025-01-01,P011,1417395.59
2025-01-01,P012,589402.2
2025-01-01,P013,5915074.96
2025-01-01,P014,3203323.31
2025-01-01,P015,4926151.69
2025-01-01,P016,8437237.83
2025-01-01,P017,1801576.63
2025-01-01,P018,10392867.73
2025-01-01,P019,4531211.15
2025-01-01,P020,7028514.65
2025-01-01,P021,2042803.25
2025-01-01,P022,1169925.77
2025-01-01,P023,2473110.76
2025-01-01,P024,5093695.99
2025-01-01,P025,9424511.76
2025-01-01,P026,22284464.37
2025-01-01,P027,18319570.18
2025-01-01,P028,10182647.45
2025-01-01,P029,3870883.24
2025-01-01,P030,2697872.55
2025-02-01,P001,8054374.03
2025-02-01,P002,10503584.99
2025-02-01,P003,4587530.01
2025-02-01,P004,3089660.12
2025-02-01,P005,9431661.65
2025-02-01,P006,2632261.92
2025-02-01,P007,1315252.75
2025-02-01,P008,302955.53
2025-02-01,P009,715100.03
2025-02-01,P010,596300.18
2025-02-01,P011,791492.4
2025-02-01,P012,575359.53
2025-02-01,P013,6595486.04
2025-02-01,P014,2714420.94
2025-02-01,P015,6841895.61
2025-02-01,P016,6856645.25
2025-02-01,P017,1334380.07
2025-02-01,P018,7953706.06
2025-02-01,P019,2894092.37
2025-02-01,P020,6039241.29
2025-02-01,P021,2113308.38
2025-02-01,P022,1029993.23
2025-02-01,P023,2883965.95
2025-02-01,P024,3228411.82
2025-02-01,P025,8077557.44
2025-02-01,P026,15244063.73
2025-02-01,P027,17958717.83
2025-02-01,P028,9368166.49
2025-02-01,P029,2624155.12
2025-02-01,P030,3089945.03
2025-03-01,P001,9380488.38
2025-03-01,P002,15631751.3
2025-03-01,P003,3686645.48
2025-03-01,P004,3551878.0
2025-03-01,P005,11509515.73
2025-03-01,P006,3696576.94
2025-03-01,P007,1595697.61
2025-03-01,P008,327034.23
2025-03-01,P009,580517.58
2025-03-01,P010,933454.31
2025-03-01,P011,697204.88
2025-03-01,P012,681010.11
2025-03-01,P013,5566011.27
2025-03-01,P014,2945156.14
2025-03-01,P015,6381067.8
2025-03-01,P016,7590675.15
2025-03-01,P017,1286563.97
2025-03-01,P018,10228580.92
2025-03-01,P019,3509999.29
2025-03-01,P020,7733205.95
2025-03-01,P021,1969291.92
2025-03-01,P022,1411905.78
2025-03-01,P023,2764576.84
2025-03-01,P024,3537845.52
2025-03-01,P025,12659497.91
2025-03-01,P026,20258715.08
2025-03-01,P027,19421236.08
2025-03-01,P028,10926768.99
2025-03-01,P029,2258385.75
2025-03-01,P030,2502255.83
2025-04-01,P001,8528403.57
2025-04-01,P002,10358044.7
2025-04-01,P003,3476129.76
2025-04-01,P004,3444743.07
2025-04-01,P005,10068522.13
2025-04-01,P006,4091552.74
2025-04-01,P007,1300111.46
2025-04-01,P008,485245.25
2025-04-01,P009,652224.65
2025-04-01,P010,815597.27
2025-04-01,P011,1180634.77
2025-04-01,P012,515197.9
2025-04-01,P013,5339804.75
2025-04-01,P014,2587051.62
2025-04-01,P015,5960542.0
2025-04-01,P016,5438389.34
2025-04-01,P017,1864971.36
2025-04-01,P018,9752934.56
2025-04-01,P019,3592411.73
2025-04-01,P020,6245511.79
2025-04-01,P021,2089574.68
2025-04-01,P022,1166044.38
2025-04-01,P023,3377709.64
2025-04-01,P024,3325763.09
2025-04-01,P025,9678182.74
2025-04-01,P026,17690673.08
2025-04-01,P027,17137683.46
2025-04-01,P028,13808073.57
2025-04-01,P029,2947117.74
2025-04-01,P030,3167007.98
2025-05-01,P001,8727667.73
2025-05-01,P002,11273692.21
2025-05-01,P003,5211826.11
2025-05-01,P004,3410461.06
2025-05-01,P005,10336283.46
2025-05-01,P006,3960604.9
2025-05-01,P007,1665473.2
2025-05-01,P008,360965.77
2025-05-01,P009,607745.51
2025-05-01,P010,674723.13
2025-05-01,P011,1068450.82
2025-05-01,P012,865367.26
2025-05-01,P013,6896959.52
2025-05-01,P014,2693291.01
2025-05-01,P015,9384878.96
2025-05-01,P016,8014613.25
2025-05-01,P017,1567129.76
2025-05-01,P018,10994214.79
2025-05-01,P019,3568429.53
2025-05-01,P020,5955487.36
2025-05-01,P021,2235304.27
2025-05-01,P022,1369550.22
2025-05-01,P023,2892330.12
2025-05-01,P024,3121639.31
2025-05-01,P025,10513734.66
2025-05-01,P026,18026934.35
2025-05-01,P027,18001765.42
2025-05-01,P028,11290830.43
2025-05-01,P029,3309746.05
2025-05-01,P030,2414301.75
2025-06-01,P001,7281138.9
2025-06-01,P002,14540619.74
2025-06-01,P003,6113267.36
2025-06-01,P004,3174259.13
2025-06-01,P005,10123150.56
2025-06-01,P006,3264732.5
2025-06-01,P007,1424937.99
2025-06-01,P008,374048.48
2025-06-01,P009,732801.64
2025-06-01,P010,810558.8
2025-06-01,P011,848039.07
2025-06-01,P012,536082.69
2025-06-01,P013,4586387.42
2025-06-01,P014,3281388.71
2025-06-01,P015,7214916.07
2025-06-01,P016,8092591.33
2025-06-01,P017,1356802.6
2025-06-01,P018,12093693.98
2025-06-01,P019,4031716.65
2025-06-01,P020,7281763.1
2025-06-01,P021,1575757.51
2025-06-01,P022,1400774.13
2025-06-01,P023,3113103.03
2025-06-01,P024,3066934.24
2025-06-01,P025,13548289.36
2025-06-01,P026,19677191.87
2025-06-01,P027,16328518.75
2025-06-01,P028,10281404.96
2025-06-01,P029,3121463.92
2025-06-01,P030,2708637.78
2025-07-01,P001,7928380.95
2025-07-01,P002,15731440.62
2025-07-01,P003,5446802.07
2025-07-01,P004,3796985.63
2025-07-01,P005,9631124.28
2025-07-01,P006,3641936.85
2025-07-01,P007,1938484.66
2025-07-01,P008,322779.99
2025-07-01,P009,746384.37
2025-07-01,P010,881107.31
2025-07-01,P011,1411482.37
2025-07-01,P012,521613.34
2025-07-01,P013,6759972.39
2025-07-01,P014,2614814.38
2025-07-01,P015,7003599.25
2025-07-01,P016,9089512.14
2025-07-01,P017,1713709.69
2025-07-01,P018,10904336.15
2025-07-01,P019,3060497.07
2025-07-01,P020,6619044.31
2025-07-01,P021,1913303.69
2025-07-01,P022,1509041.66
2025-07-01,P023,3558002.64
2025-07-01,P024,3974704.16
2025-07-01,P025,9639817.05
2025-07-01,P026,18204250.95
2025-07-01,P027,20364647.41
2025-07-01,P028,10921618.54
2025-07-01,P029,2811194.57
2025-07-01,P030,2483982.13
2025-08-01,P001,7508272.36
2025-08-01,P002,14566929.09
2025-08-01,P003,5088809.92
2025-08-01,P004,3605918.57
2025-08-01,P005,10922498.79
2025-08-01,P006,3177165.51
2025-08-01,P007,1759723.67
2025-08-01,P008,546289.74
2025-08-01,P009,604066.83
2025-08-01,P010,981601.71
2025-08-01,P011,1100368.37
2025-08-01,P012,687243.92
2025-08-01,P013,4231415.96
2025-08-01,P014,3328631.91
2025-08-01,P015,6377512.63
2025-08-01,P016,7307332.53
2025-08-01,P017,1600066.23
2025-08-01,P018,12869158.5
2025-08-01,P019,4502777.69
2025-08-01,P020,4947685.91
2025-08-01,P021,2414028.48
2025-08-01,P022,1508183.24
2025-08-01,P023,2681998.22
2025-08-01,P024,4252008.31
2025-08-01,P025,12165996.24
2025-08-01,P026,13629405.17
2025-08-01,P027,17577636.83
2025-08-01,P028,12541710.73
2025-08-01,P029,4148448.45
2025-08-01,P030,2436060.03
2025-09-01,P001,6499081.19
2025-09-01,P002,12118033.44
2025-09-01,P003,4431152.71
2025-09-01,P004,2813616.2
2025-09-01,P005,11150344.17
2025-09-01,P006,3292573.12
2025-09-01,P007,1422458.38
2025-09-01,P008,506484.52
2025-09-01,P009,657942.5
2025-09-01,P010,819855.2
2025-09-01,P011,1369362.35
2025-09-01,P012,458911.61
2025-09-01,P013,4406058.42
2025-09-01,P014,2606273.31
2025-09-01,P015,6332121.23
2025-09-01,P016,7642143.8
2025-09-01,P017,1619480.57
2025-09-01,P018,9328659.07
2025-09-01,P019,3090080.04
2025-09-01,P020,7023976.42
2025-09-01,P021,1904446.85
2025-09-01,P022,1473436.73
2025-09-01,P023,3214095.05
2025-09-01,P024,3244255.85
2025-09-01,P025,11219670.11
2025-09-01,P026,17950406.4
2025-09-01,P027,17298026.72
2025-09-01,P028,11815672.36
2025-09-01,P029,3535452.56
2025-09-01,P030,3174108.23
2025-10-01,P001,6967260.65
2025-10-01,P002,11397032.49
2025-10-01,P003,4153113.89
2025-10-01,P004,3748890.38
2025-10-01,P005,11369199.48
2025-10-01,P006,2536764.04
2025-10-01,P007,1915486.6
2025-10-01,P008,396451.82
2025-10-01,P009,661336.84
2025-10-01,P010,915032.79
2025-10-01,P011,1181692.38
2025-10-01,P012,643319.89
2025-10-01,P013,6087711.68
2025-10-01,P014,3374067.03
2025-10-01,P015,5411170.03
2025-10-01,P016,5962747.75
2025-10-01,P017,1321636.3
2025-10-01,P018,9676159.58
2025-10-01,P019,3599409.0
2025-10-01,P020,4241267.57
2025-10-01,P021,2131495.22
2025-10-01,P022,1246333.83
2025-10-01,P023,3124808.96
2025-10-01,P024,4115838.28
2025-10-01,P025,11897021.66
2025-10-01,P026,18344812.47
2025-10-01,P027,19935982.81
2025-10-01,P028,11263405.39
2025-10-01,P029,3359645.39
2025-10-01,P030,2560948.17
2025-11-01,P001,8996325.43
2025-11-01,P002,11835612.08
2025-11-01,P003,3516902.99
2025-11-01,P004,4081969.88
2025-11-01,P005,9761951.12
2025-11-01,P006,3002133.73
2025-11-01,P007,1121412.22
2025-11-01,P008,419870.58
2025-11-01,P009,491295.85
2025-11-01,P010,927722.28
2025-11-01,P011,923758.81
2025-11-01,P012,483192.24
2025-11-01,P013,5859445.76
2025-11-01,P014,2966910.6
2025-11-01,P015,7556967.94
2025-11-01,P016,7977515.96
2025-11-01,P017,1360610.87
2025-11-01,P018,9917918.21
2025-11-01,P019,2937941.28
2025-11-01,P020,6598548.22
2025-11-01,P021,1915666.73
2025-11-01,P022,1484884.07
2025-11-01,P023,2862239.25
2025-11-01,P024,3466264.68
2025-11-01,P025,12264448.2
2025-11-01,P026,12516309.07
2025-11-01,P027,19343472.86
2025-11-01,P028,12445402.75
2025-11-01,P029,2315373.4
2025-11-01,P030,2124201.15
2025-12-01,P001,7378488.43
2025-12-01,P002,11469563.21
2025-12-01,P003,3525766.53
2025-12-01,P004,3267956.61
2025-12-01,P005,14363177.21
2025-12-01,P006,3162743.08
2025-12-01,P007,1348348.05
2025-12-01,P008,374144.49
2025-12-01,P009,630742.23
2025-12-01,P010,727596.71
2025-12-01,P011,828855.92
2025-12-01,P012,753474.94
2025-12-01,P013,6426973.43
2025-12-01,P014,2068681.69
2025-12-01,P015,6894948.95
2025-12-01,P016,7964554.72
2025-12-01,P017,1553414.77
2025-12-01,P018,10702914.39
2025-12-01,P019,3155372.51
2025-12-01,P020,7575355.55
2025-12-01,P021,2381794.37
2025-12-01,P022,1489917.41
2025-12-01,P023,3048642.34
2025-12-01,P024,3411913.49
2025-12-01,P025,10514584.42
2025-12-01,P026,16927238.22
2025-12-01,P027,14813241.77
2025-12-01,P028,13292429.22
2025-12-01,P029,3334380.79
2025-12-01,P030,2802390.84
